﻿<?xml version="1.0" encoding="UTF-8"?>
<prefab>
  <property name="CopyAirBlocks" value="True" />
  <property name="AllowTopSoilDecorations" value="False" />
  <property name="RotationToFaceNorth" value="2" />
  <property name="YOffset" value="-2" />
  <property name="Zoning" value="Industrial" />
  <property name="AllowedTownships" value="wilderness" />
  <property name="Age" value="Old" />
  <property name="Condition" value="Normal" />
  <property name="ExcludeDistantPOIMesh" value="False" />
  <property name="TraderArea" value="False" />
  <property name="SleeperVolumeSize" value="14, 13, 14#5, 12, 7#9, 4, 14#9, 12, 10#51, 3, 10#13, 3, 22#13, 3, 19#30, 3, 9#23, 9, 10#13, 3, 8#15, 10, 22" />
  <property name="SleeperVolumeStart" value="29, 1, 24#34, 2, 39#43, 1, 24#14, 1, 14#1, 1, 46#1, 1, 24#1, 1, 5#14, 1, 5#29, 1, 14#39, 1, 38#14, 1, 24" />
  <property name="SleeperVolumeGroup" value="GroupNPCArachnidsBoss,1,1,GroupNPCArachnidsAll,1,2,GroupNPCArachnidsAll,2,3,GroupNPCArachnidsAll,2,3,GroupNPCArachnidsAll,2,3,GroupNPCArachnidsAll,2,3,GroupNPCArachnidsAll,2,3,GroupNPCArachnidsAll,2,3,GroupNPCArachnidsAll,2,6,GroupNPCArachnidsAll,1,2,GroupNPCArachnidsAll,4,8" />
  <property name="SleeperVolumeGameStageAdjust" value="" />
  <property name="SleeperIsLootVolume" value="False,False,False,False,False,False,False,False,False,False,False" />
  <property name="DistantPOIYOffset" value="0" />
  <property name="EditorGroups" value="Wilderness, government" />
  <property name="SleeperIsBossVolume" value="False,False,False,False,False,False,False,False,False" />
  <property name="QuestTags" value="clear, fetch, restore_power, infested" />
  <property name="DifficultyTier" value="2" />
  <property name="ExcludePOICulling" value="False" />
  <property name="SleeperVolumeGroupId" value="0,0,0,0,0,0,0,0,0,0,0" />
  <property name="SleeperVolumeFlags" value="0,0,0,0,0,0,0,0,0,0,0" />
  <property name="ShowQuestClearCount" value="1" />
  <property name="SleeperIsQuestExclude" value="False,False,False,False,False,False,False,False,False,False,False" />
  <property name="Tags" value="wilderness" />
  <property name="POIMarkerSize" value="3, 1, 3" />
  <property name="POIMarkerStart" value="26, 1, 0" />
  <property name="POIMarkerGroup" value="new" />
  <property name="POIMarkerTags" value="" />
  <property name="POIMarkerType" value="RoadExit" />
  <property name="POIMarkerPartToSpawn" value="" />
  <property name="POIMarkerPartRotations" value="2" />
  <property name="POIMarkerPartSpawnChance" value="1" />
  <property name="PrefabSize" value="53, 22, 57" />
  <property name="SleeperVolumeTriggeredBy" value=" # # # # # # # # # # " />
  <property class="Stats">
    <property name="TotalVertices" value="204753" />
    <property name="TotalTriangles" value="117211" />
    <property class="BlockEntities">
      <property name="Vertices" value="176170" />
      <property name="Triangles" value="89665" />
    </property>
    <property class="ChunkMeshes0">
      <property name="Vertices" value="19363" />
      <property name="Triangles" value="12258" />
    </property>
    <property class="ChunkMeshes1">
      <property name="Vertices" value="0" />
      <property name="Triangles" value="0" />
    </property>
    <property class="ChunkMeshes2">
      <property name="Vertices" value="226" />
      <property name="Triangles" value="180" />
    </property>
    <property class="ChunkMeshes3">
      <property name="Vertices" value="0" />
      <property name="Triangles" value="0" />
    </property>
    <property class="ChunkMeshes4">
      <property name="Vertices" value="0" />
      <property name="Triangles" value="0" />
    </property>
    <property class="ChunkMeshes5">
      <property name="Vertices" value="8994" />
      <property name="Triangles" value="15108" />
    </property>
  </property>
  <property class="IndexedBlockOffsets">
    <property class="quest_wood_trees">
      <property name="0" value="51, 2, 55" />
    </property>
    <property class="challenge_polymers">
      <property name="0" value="29, 2, 35" />
    </property>
    <property class="POILight">
      <property name="0" value="36, 7, 43" />
    </property>
    <property class="FetchContainer">
      <property name="0" value="35, 8, 31" />
      <property name="1" value="34, 0, 32" />
      <property name="2" value="36, 1, 41" />
    </property>
    <property class="challenge_pallet">
      <property name="0" value="19, 2, 24" />
    </property>
    <property class="QuestRestorePower">
      <property name="0" value="34, 1, 34" />
    </property>
    <property class="challenge_mech_parts">
      <property name="0" value="21, 2, 33" />
      <property name="1" value="16, 2, 34" />
    </property>
    <property class="TraderOnOff">
      <property name="0" value="18, 2, 39" />
    </property>
    <property class="Rally">
      <property name="0" value="27, 2, 2" />
    </property>
    <property class="challenge_gore">
      <property name="0" value="34, 1, 28" />
      <property name="1" value="36, 1, 28" />
      <property name="2" value="32, 1, 29" />
      <property name="3" value="37, 1, 29" />
      <property name="4" value="33, 1, 30" />
      <property name="5" value="36, 1, 30" />
      <property name="6" value="33, 1, 31" />
      <property name="7" value="36, 1, 31" />
      <property name="8" value="37, 8, 31" />
      <property name="9" value="34, 1, 32" />
      <property name="10" value="36, 1, 32" />
      <property name="11" value="33, 1, 33" />
      <property name="12" value="35, 1, 33" />
      <property name="13" value="27, 2, 34" />
      <property name="14" value="34, 4, 35" />
      <property name="15" value="33, 3, 38" />
    </property>
    <property class="challenge_cars">
      <property name="0" value="27, 2, 38" />
    </property>
  </property>
</prefab>