﻿<?xml version="1.0" encoding="UTF-8"?>
<prefab>
  <property name="CopyAirBlocks" value="True" />
  <property name="ExcludeDistantPOIMesh" value="False" />
  <property name="ExcludePOICulling" value="False" />
  <property name="DistantPOIYOffset" value="0" />
  <property name="AllowTopSoilDecorations" value="False" />
  <property name="QuestTags" value="clear, fetch, restore_power, infested" />
  <property name="ShowQuestClearCount" value="2" />
  <property name="DifficultyTier" value="4" />
  <property name="ThemeRepeatDistance" value="5000" />
  <property name="TraderArea" value="False" />
  <property name="PrefabSize" value="100, 33, 100" />
  <property name="RotationToFaceNorth" value="0" />
  <property name="Zoning" value="none" />
  <property name="SleeperVolumeSize" value="15, 5, 34#18, 5, 22#15, 7, 22#22, 17, 23#43, 8, 27#20, 13, 13#21, 9, 28#27, 8, 56#13, 3, 4#6, 3, 51#23, 3, 9#9, 3, 11#11, 3, 20#11, 3, 19" />
  <property name="SleeperVolumeStart" value="42, 1, 29#76, 9, 67#76, 14, 67#73, 4, 44#30, 13, 27#73, 8, 7#8, 13, 10#3, 13, 38#41, 7, 54#35, 7, 32#35, 7, 84#58, 7, 83#59, 7, 57#59, 7, 38" />
  <property name="SleeperVolumeGroupId" value="0,0,0,0,0,0,0,0,0,0,0,0,0,0" />
  <property name="SleeperVolumeGroup" value="zombieDemolition,2,2,GroupNPCBanditsAll,4,5,GroupNPCBanditsRanged,1,2,GroupNPCBanditsAll,2,3,GroupNPCBanditsMelee,6,7,GroupNPCBanditsAll,5,6,GroupNPCBanditsAll,7,8,GroupNPCBanditsMelee,3,4,GroupNPCBanditsMelee,1,2,GroupNPCBanditsAll,1,2,GroupNPCBanditsMelee,1,2,GroupNPCBanditsMelee,1,2,GroupNPCBanditsAll,3,4,GroupNPCBanditsAll,3,4" />
  <property name="SleeperIsLootVolume" value="False,False,False,False,False,False,False,False,False,False,False,False,False,False" />
  <property name="SleeperIsQuestExclude" value="False,False,False,False,False,False,False,False,False,False,False,False,False,False" />
  <property name="SleeperVolumeFlags" value="1,0,0,0,0,0,0,0,0,0,0,0,0,0" />
  <property name="YOffset" value="-13" />
  <property name="EditorGroups" value="Wilderness" />
  <property name="Tags" value="wilderness" />
  <property name="SleeperVolumeTriggeredBy" value=" # # # # # # # # # # # # # " />
  <property class="IndexedBlockOffsets">
    <property class="TraderOnOff">
      <property name="0" value="86, 13, 89" />
    </property>
    <property class="POILight">
      <property name="0" value="89, 9, 83" />
      <property name="1" value="87, 15, 87" />
      <property name="2" value="86, 15, 90" />
    </property>
    <property class="FetchContainer">
      <property name="0" value="90, 18, 16" />
    </property>
    <property class="challenge_mech_parts">
      <property name="0" value="83, 10, 82" />
      <property name="1" value="82, 10, 86" />
      <property name="2" value="87, 10, 87" />
    </property>
    <property class="challenge_steel">
      <property name="0" value="41, 13, 35" />
      <property name="1" value="34, 7, 38" />
    </property>
    <property class="challenge_polymers">
      <property name="0" value="82, 9, 82" />
      <property name="1" value="87, 9, 83" />
      <property name="2" value="83, 14, 85" />
      <property name="3" value="87, 14, 85" />
    </property>
    <property class="QuestRestorePower">
      <property name="0" value="78, 18, 13" />
    </property>
    <property class="challenge_pallet">
      <property name="0" value="85, 10, 85" />
    </property>
    <property class="challenge_cars">
      <property name="0" value="78, 13, 43" />
    </property>
    <property class="challenge_leather">
      <property name="0" value="47, 7, 57" />
    </property>
    <property class="challenge_gore">
      <property name="0" value="83, 13, 42" />
    </property>
    <property class="quest_wood_trees">
      <property name="0" value="93, 13, 44" />
    </property>
    <property class="Rally">
      <property name="0" value="49, 14, 97" />
    </property>
    <property class="brBlock">
      <property name="0" value="67, 28, 32" />
    </property>
    <property class="challenge_sinks">
      <property name="0" value="85, 13, 88" />
    </property>
  </property>
  <property class="Stats">
    <property name="TotalVertices" value="2598982" />
    <property name="TotalTriangles" value="1156046" />
    <property class="BlockEntities">
      <property name="Vertices" value="2123981" />
      <property name="Triangles" value="820845" />
    </property>
    <property class="ChunkMeshes0">
      <property name="Vertices" value="423587" />
      <property name="Triangles" value="257863" />
    </property>
    <property class="ChunkMeshes1">
      <property name="Vertices" value="0" />
      <property name="Triangles" value="0" />
    </property>
    <property class="ChunkMeshes2">
      <property name="Vertices" value="5956" />
      <property name="Triangles" value="3662" />
    </property>
    <property class="ChunkMeshes3">
      <property name="Vertices" value="0" />
      <property name="Triangles" value="0" />
    </property>
    <property class="ChunkMeshes4">
      <property name="Vertices" value="0" />
      <property name="Triangles" value="0" />
    </property>
    <property class="ChunkMeshes5">
      <property name="Vertices" value="45458" />
      <property name="Triangles" value="73676" />
    </property>
  </property>
</prefab>