﻿<?xml version="1.0" encoding="UTF-8"?>
<prefab>
  <property name="CopyAirBlocks" value="True" />
  <property name="ExcludeDistantPOIMesh" value="False" />
  <property name="ExcludePOICulling" value="False" />
  <property name="DistantPOIYOffset" value="0" />
  <property name="AllowTopSoilDecorations" value="True" />
  <property name="DifficultyTier" value="4" />
  <property name="ThemeRepeatDistance" value="4000" />
  <property name="ShowQuestClearCount" value="2" />
  <property name="TraderArea" value="False" />
  <property name="RotationToFaceNorth" value="1" />
  <property name="Zoning" value="none" />
  <property name="QuestTags" value="clear, fetch, restore_power, infested" />
  <property name="SleeperVolumeSize" value="15, 14, 18#5, 6, 12#2, 6, 12#7, 7, 12#6, 9, 7#10, 4, 13#16, 5, 5#7, 9, 13#11, 3, 4#11, 5, 7#11, 7, 15#12, 6, 7#6, 3, 19#13, 5, 7#7, 9, 24#11, 12, 15#11, 5, 17#15, 5, 11#9, 8, 11#9, 5, 9#8, 5, 14" />
  <property name="SleeperVolumeStart" value="65, 42, 68#65, 50, 86#74, 30, 63#70, 30, 47#54, 25, 48#39, 23, 41#35, 28, 47#29, 26, 67#32, 29, 104#49, 28, 80#116, 24, 79#108, 21, 70#102, 17, 75#82, 26, 90#88, 22, 54#71, 17, 32#59, 26, 19#74, 27, 18#50, 23, 31#104, 27, 49#32, 25, 83" />
  <property name="SleeperVolumeGroupId" value="0,0,0,0,0,0,0,0,0,0,0,0,0,0,0,0,0,0,0,0,0" />
  <property name="SleeperVolumeGroup" value="GroupNPCBanditsRanged,1,2,GroupNPCBanditsRanged,2,3,GroupNPCBanditsMelee,1,1,GroupNPCBanditsRanged,2,3,GroupNPCBanditsAll,2,3,GroupNPCBanditsMelee,2,2,GroupNPCBanditsRanged,1,1,GroupNPCBanditsAll,1,2,GroupNPCBanditsRanged,1,2,GroupNPCBanditsRanged,1,2,GroupNPCBanditsRanged,1,1,GroupNPCBanditsRanged,1,1,GroupNPCBanditsRanged,1,1,GroupNPCBanditsRanged,1,1,GroupNPCBanditsRanged,2,2,GroupNPCBanditsRanged,1,2,GroupNPCBanditsRanged,1,2,GroupNPCBanditsRanged,1,2,GroupNPCBanditsRanged,1,2,GroupNPCBanditsRanged,1,1,GroupNPCBanditsRanged,1,2" />
  <property name="SleeperIsLootVolume" value="False,False,False,False,False,False,False,False,False,False,False,False,False,False,False,False,False,False,False,False,False" />
  <property name="SleeperIsQuestExclude" value="False,False,False,False,False,False,False,False,False,False,False,False,False,False,False,False,False,False,False,False,False" />
  <property name="SleeperVolumeFlags" value="0,0,0,0,0,0,0,0,0,0,0,0,0,0,0,0,0,0,0,0,0" />
  <property name="YOffset" value="-29" />
  <property name="PrefabSize" value="142, 62, 141" />
  <property name="POIMarkerSize" value="1, 1, 2" />
  <property name="POIMarkerStart" value="142, 28, 115" />
  <property name="POIMarkerGroup" value="new" />
  <property name="POIMarkerTags" value="" />
  <property name="POIMarkerType" value="RoadExit" />
  <property name="POIMarkerPartToSpawn" value="" />
  <property name="POIMarkerPartRotations" value="3" />
  <property name="POIMarkerPartSpawnChance" value="1" />
  <property name="Tags" value="wilderness" />
  <property name="SleeperVolumeTriggeredBy" value=" # # # # # # # # # # # # # # # # # # # # " />
  <property class="Stats">
    <property name="TotalVertices" value="2655684" />
    <property name="TotalTriangles" value="1792959" />
    <property class="BlockEntities">
      <property name="Vertices" value="1905759" />
      <property name="Triangles" value="1219719" />
    </property>
    <property class="ChunkMeshes0">
      <property name="Vertices" value="161575" />
      <property name="Triangles" value="97516" />
    </property>
    <property class="ChunkMeshes1">
      <property name="Vertices" value="428544" />
      <property name="Triangles" value="214272" />
    </property>
    <property class="ChunkMeshes2">
      <property name="Vertices" value="0" />
      <property name="Triangles" value="0" />
    </property>
    <property class="ChunkMeshes3">
      <property name="Vertices" value="1176" />
      <property name="Triangles" value="588" />
    </property>
    <property class="ChunkMeshes4">
      <property name="Vertices" value="0" />
      <property name="Triangles" value="0" />
    </property>
    <property class="ChunkMeshes5">
      <property name="Vertices" value="158630" />
      <property name="Triangles" value="260864" />
    </property>
  </property>
  <property class="IndexedBlockOffsets">
    <property class="quest_wood_trees">
      <property name="0" value="135, 29, 106" />
    </property>
    <property class="quest_feather">
      <property name="0" value="137, 29, 8" />
    </property>
    <property class="FetchContainer">
      <property name="0" value="74, 51, 77" />
      <property name="1" value="77, 42, 84" />
    </property>
    <property class="challenge_polymers">
      <property name="0" value="119, 23, 75" />
      <property name="1" value="119, 23, 76" />
      <property name="2" value="119, 23, 77" />
      <property name="3" value="127, 3, 77" />
    </property>
    <property class="challenge_leather">
      <property name="0" value="73, 34, 54" />
      <property name="1" value="74, 34, 54" />
    </property>
    <property class="TraderOnOff">
      <property name="0" value="75, 30, 55" />
    </property>
    <property class="challenge_sinks">
      <property name="0" value="52, 29, 82" />
      <property name="1" value="53, 29, 82" />
    </property>
    <property class="QuestRestorePower">
      <property name="0" value="70, 42, 83" />
      <property name="1" value="64, 31, 85" />
    </property>
    <property class="POILight">
      <property name="0" value="77, 37, 73" />
    </property>
    <property class="Rally">
      <property name="0" value="127, 30, 115" />
    </property>
    <property class="quest_stone_boulder">
      <property name="0" value="136, 29, 127" />
    </property>
  </property>
</prefab>