﻿<?xml version="1.0" encoding="UTF-8"?>
<prefab>
  <property name="CopyAirBlocks" value="True" />
  <property name="AllowTopSoilDecorations" value="True" />
  <property name="YOffset" value="-11" />
  <property name="Zoning" value="NoZone" />
  <property name="AllowedTownships" value="wilderness" />
  <property name="RotationToFaceNorth" value="2" />
  <property name="ExcludeDistantPOIMesh" value="True" />
  <property name="TraderArea" value="False" />
  <property name="SleeperVolumeSize" value="22, 2, 6#15, 4, 12#9, 4, 8#11, 4, 12#5, 4, 9#5, 3, 9#12, 7, 22#13, 8, 16#12, 6, 19#9, 5, 7#16, 5, 6" />
  <property name="SleeperVolumeStart" value="16, 5, 1#19, 4, 20#22, 3, 32#22, 2, 40#17, 2, 36#12, 3, 40#5, 3, 49#29, 2, 60#17, 3, 57#33, 3, 53#1, 5, 71" />
  <property name="SleeperVolumeGroup" value="SpiderPack_Mini,4,5,SpiderPack_EasyMix,3,5,SpiderPack_Mix,1,2,SpiderPack_EasyMix,6,7,SpiderPack_Mini,1,3,SpiderPack_EasyMix,1,3,SpiderPack_Mix,3,7,SpiderPack_Queen,1,2,SpiderPack_HardMix,1,2,SpiderPack_EasyMix,6,10,SpiderPack_EasyMix,2,5" />
  <property name="SleeperVolumeGameStageAdjust" value="" />
  <property name="SleeperIsLootVolume" value="False,False,False,False,False,False,False,False,False,False,False" />
  <property name="DistantPOIYOffset" value="0" />
  <property name="EditorGroups" value="Wilderness" />
  <property name="SleeperIsBossVolume" value="False" />
  <property name="DifficultyTier" value="3" />
  <property name="QuestTags" value="clear, fetch, restore_power, infested" />
  <property name="ExcludePOICulling" value="False" />
  <property name="SleeperVolumeGroupId" value="0,0,0,0,0,0,0,0,0,0,0" />
  <property name="SleeperVolumeFlags" value="0,0,0,0,0,0,0,0,0,0,0" />
  <property name="ShowQuestClearCount" value="2" />
  <property name="SleeperIsQuestExclude" value="False,False,False,False,False,False,False,False,False,False,False" />
  <property name="PrefabSize" value="43, 31, 77" />
  <property name="Tags" value="wilderness" />
  <property name="SleeperVolumeTriggeredBy" value=" # # # # # # # # # # " />
  <property class="Stats">
    <property name="TotalVertices" value="296758" />
    <property name="TotalTriangles" value="210243" />
    <property class="BlockEntities">
      <property name="Vertices" value="276526" />
      <property name="Triangles" value="178447" />
    </property>
    <property class="ChunkMeshes0">
      <property name="Vertices" value="1532" />
      <property name="Triangles" value="996" />
    </property>
    <property class="ChunkMeshes1">
      <property name="Vertices" value="0" />
      <property name="Triangles" value="0" />
    </property>
    <property class="ChunkMeshes2">
      <property name="Vertices" value="0" />
      <property name="Triangles" value="0" />
    </property>
    <property class="ChunkMeshes3">
      <property name="Vertices" value="0" />
      <property name="Triangles" value="0" />
    </property>
    <property class="ChunkMeshes4">
      <property name="Vertices" value="0" />
      <property name="Triangles" value="0" />
    </property>
    <property class="ChunkMeshes5">
      <property name="Vertices" value="18700" />
      <property name="Triangles" value="30800" />
    </property>
  </property>
  <property class="IndexedBlockOffsets">
    <property class="quest_wood_trees">
      <property name="0" value="37, 11, 16" />
    </property>
    <property class="quest_stone_boulder">
      <property name="0" value="37, 11, 32" />
    </property>
    <property class="FetchContainer">
      <property name="0" value="37, 4, 53" />
    </property>
    <property class="QuestRestorePower">
      <property name="0" value="40, 4, 67" />
    </property>
    <property class="Rally">
      <property name="0" value="27, 2, 14" />
    </property>
    <property class="challenge_leather">
      <property name="0" value="37, 4, 69" />
    </property>
    <property class="challenge_gore">
      <property name="0" value="38, 3, 70" />
      <property name="1" value="41, 3, 73" />
    </property>
    <property class="POILight">
      <property name="0" value="40, 3, 60" />
    </property>
  </property>
</prefab>