﻿<?xml version="1.0" encoding="UTF-8"?>
<prefab>
  <property name="CopyAirBlocks" value="True" />
  <property name="ExcludeDistantPOIMesh" value="False" />
  <property name="ExcludePOICulling" value="False" />
  <property name="DistantPOIYOffset" value="0" />
  <property name="AllowTopSoilDecorations" value="False" />
  <property name="DifficultyTier" value="0" />
  <property name="ShowQuestClearCount" value="1" />
  <property name="TraderArea" value="False" />
  <property name="PrefabSize" value="21, 6, 21" />
  <property name="RotationToFaceNorth" value="2" />
  <property name="Zoning" value="none" />
  <property name="Tags" value="wilderness" />
  <property name="SleeperVolumeSize" value="33, 7, 33" />
  <property name="SleeperVolumeStart" value="-6, 1, -6" />
  <property name="SleeperVolumeGroupId" value="0" />
  <property name="SleeperVolumeGroup" value="SpiderPack_Mini,16,16" />
  <property name="SleeperIsLootVolume" value="False" />
  <property name="SleeperIsQuestExclude" value="False" />
  <property name="SleeperVolumeFlags" value="2" />
  <property name="YOffset" value="-1" />
  <property name="SleeperVolumeTriggeredBy" value=" " />
  <property class="Stats">
    <property name="TotalVertices" value="66991" />
    <property name="TotalTriangles" value="47973" />
    <property class="BlockEntities">
      <property name="Vertices" value="65323" />
      <property name="Triangles" value="45213" />
    </property>
    <property class="ChunkMeshes0">
      <property name="Vertices" value="0" />
      <property name="Triangles" value="0" />
    </property>
    <property class="ChunkMeshes1">
      <property name="Vertices" value="0" />
      <property name="Triangles" value="0" />
    </property>
    <property class="ChunkMeshes2">
      <property name="Vertices" value="0" />
      <property name="Triangles" value="0" />
    </property>
    <property class="ChunkMeshes3">
      <property name="Vertices" value="0" />
      <property name="Triangles" value="0" />
    </property>
    <property class="ChunkMeshes4">
      <property name="Vertices" value="0" />
      <property name="Triangles" value="0" />
    </property>
    <property class="ChunkMeshes5">
      <property name="Vertices" value="1668" />
      <property name="Triangles" value="2760" />
    </property>
  </property>
  <property class="IndexedBlockOffsets">
    <property class="challenge_gore">
      <property name="0" value="15, 3, 10" />
      <property name="1" value="10, 3, 15" />
    </property>
  </property>
</prefab>