﻿<?xml version="1.0" encoding="UTF-8"?>
<prefab>
  <property name="CopyAirBlocks" value="True" />
  <property name="ExcludeDistantPOIMesh" value="False" />
  <property name="ExcludePOICulling" value="False" />
  <property name="QuestTags" value="clear, fetch, restore_power, infested" />
  <property name="DifficultyTier" value="3" />
  <property name="DistantPOIYOffset" value="0" />
  <property name="AllowTopSoilDecorations" value="True" />
  <property name="ShowQuestClearCount" value="2" />
  <property name="TraderArea" value="False" />
  <property name="RotationToFaceNorth" value="1" />
  <property name="Zoning" value="BiomeOnly" />
  <property name="AllowedBiomes" value="burnt_forest,wasteland" />
  <property name="AllowedTownships" value="wilderness" />
  <property name="EditorGroups" value="Wilderness" />
  <property name="SleeperVolumeSize" value="12, 7, 10#12, 5, 15#19, 16, 23" />
  <property name="SleeperVolumeStart" value="47, 2, 21#16, 2, 24#28, 2, 16" />
  <property name="SleeperVolumeGroupId" value="0,0,0" />
  <property name="SleeperVolumeGroup" value="GroupNPCArachnidsAll,2,3,GroupNPCArachnidsBoss,1,2,GroupNPCArachnidsAll,20,25" />
  <property name="SleeperIsLootVolume" value="False,False,False" />
  <property name="SleeperIsQuestExclude" value="False,False,False" />
  <property name="Tags" value="wilderness" />
  <property name="SleeperVolumeFlags" value="0,0,0" />
  <property name="YOffset" value="-1" />
  <property name="PrefabSize" value="69, 35, 59" />
  <property name="SleeperVolumeTriggeredBy" value=" # # " />
  <property class="Stats">
    <property name="TotalVertices" value="747255" />
    <property name="TotalTriangles" value="419650" />
    <property class="BlockEntities">
      <property name="Vertices" value="696491" />
      <property name="Triangles" value="369786" />
    </property>
    <property class="ChunkMeshes0">
      <property name="Vertices" value="480" />
      <property name="Triangles" value="240" />
    </property>
    <property class="ChunkMeshes1">
      <property name="Vertices" value="28928" />
      <property name="Triangles" value="14464" />
    </property>
    <property class="ChunkMeshes2">
      <property name="Vertices" value="0" />
      <property name="Triangles" value="0" />
    </property>
    <property class="ChunkMeshes3">
      <property name="Vertices" value="0" />
      <property name="Triangles" value="0" />
    </property>
    <property class="ChunkMeshes4">
      <property name="Vertices" value="0" />
      <property name="Triangles" value="0" />
    </property>
    <property class="ChunkMeshes5">
      <property name="Vertices" value="21356" />
      <property name="Triangles" value="35160" />
    </property>
  </property>
  <property class="IndexedBlockOffsets">
    <property class="quest_feather">
      <property name="0" value="48, 2, 40" />
    </property>
    <property class="quest_wood_trees">
      <property name="0" value="51, 2, 45" />
      <property name="1" value="65, 1, 45" />
      <property name="2" value="60, 1, 53" />
    </property>
    <property class="challenge_polymers">
      <property name="0" value="52, 2, 20" />
    </property>
    <property class="FetchContainer">
      <property name="0" value="41, 10, 36" />
    </property>
    <property class="QuestRestorePower">
      <property name="0" value="36, 9, 38" />
    </property>
    <property class="POILight">
      <property name="0" value="37, 2, 25" />
    </property>
    <property class="challenge_steel">
      <property name="0" value="38, 2, 25" />
    </property>
    <property class="challenge_gore">
      <property name="0" value="37, 2, 26" />
    </property>
    <property class="Rally">
      <property name="0" value="65, 2, 25" />
    </property>
  </property>
</prefab>