﻿<?xml version="1.0" encoding="UTF-8"?>
<prefab>
  <property name="CopyAirBlocks" value="True" />
  <property name="ExcludeDistantPOIMesh" value="False" />
  <property name="ExcludePOICulling" value="False" />
  <property name="DistantPOIYOffset" value="0" />
  <property name="AllowTopSoilDecorations" value="True" />
  <property name="DifficultyTier" value="4" />
  <property name="ShowQuestClearCount" value="2" />
  <property name="TraderArea" value="False" />
  <property name="PrefabSize" value="60, 33, 60" />
  <property name="RotationToFaceNorth" value="2" />
  <property name="Zoning" value="none" />
  <property name="YOffset" value="-1" />
  <property name="QuestTags" value="clear, fetch, restore_power, infested" />
  <property name="Tags" value="wilderness, downtown, tdowntowntile" />
  <property name="SleeperVolumeSize" value="60, 32, 12#60, 32, 12#52, 10, 36" />
  <property name="SleeperVolumeStart" value="0, 1, 0#0, 1, 48#4, 1, 12" />
  <property name="SleeperVolumeGroupId" value="0,0,0" />
  <property name="SleeperVolumeGroup" value="GroupNPCBanditsRanged,8,8,GroupNPCBanditsRanged,8,8,GroupNPCBanditsMelee,20,30" />
  <property name="SleeperIsLootVolume" value="False,False,False" />
  <property name="SleeperIsQuestExclude" value="False,False,False" />
  <property name="SleeperVolumeFlags" value="0,0,0" />
  <property name="SleeperVolumeTriggeredBy" value=" # # " />
  <property class="Stats">
    <property name="TotalVertices" value="687447" />
    <property name="TotalTriangles" value="356903" />
    <property class="BlockEntities">
      <property name="Vertices" value="406652" />
      <property name="Triangles" value="162849" />
    </property>
    <property class="ChunkMeshes0">
      <property name="Vertices" value="271765" />
      <property name="Triangles" value="179106" />
    </property>
    <property class="ChunkMeshes1">
      <property name="Vertices" value="0" />
      <property name="Triangles" value="0" />
    </property>
    <property class="ChunkMeshes2">
      <property name="Vertices" value="0" />
      <property name="Triangles" value="0" />
    </property>
    <property class="ChunkMeshes3">
      <property name="Vertices" value="144" />
      <property name="Triangles" value="72" />
    </property>
    <property class="ChunkMeshes4">
      <property name="Vertices" value="0" />
      <property name="Triangles" value="0" />
    </property>
    <property class="ChunkMeshes5">
      <property name="Vertices" value="8886" />
      <property name="Triangles" value="14876" />
    </property>
  </property>
  <property class="IndexedBlockOffsets">
    <property class="TraderOnOff">
      <property name="0" value="49, 1, 51" />
      <property name="1" value="53, 17, 51" />
    </property>
    <property class="FetchContainer">
      <property name="0" value="53, 22, 50" />
    </property>
    <property class="challenge_gore">
      <property name="0" value="49, 1, 41" />
    </property>
    <property class="quest_wood_trees">
      <property name="0" value="5, 1, 46" />
      <property name="1" value="4, 1, 48" />
    </property>
    <property class="QuestRestorePower">
      <property name="0" value="53, 22, 9" />
    </property>
    <property class="Rally">
      <property name="0" value="29, 2, 1" />
    </property>
    <property class="challenge_leather">
      <property name="0" value="19, 1, 40" />
    </property>
    <property class="quest_wood">
      <property name="0" value="17, 1, 37" />
      <property name="1" value="18, 1, 43" />
    </property>
    <property class="quest_feather">
      <property name="0" value="54, 13, 48" />
    </property>
  </property>
</prefab>