<configs>

<append xpath="/entity_classes">

<entity_class name="animalRaptorGreen" extends="animalTemplateHostileWalking">
	<property name="Tags" value="entity,animal,hostile,bear,perkAT03"/>
	<property name="MapIcon" value="ui_game_symbol_tracking_bear"/>
	<property name="TrackerIcon" value="ui_game_symbol_tracking_bear"/>
	<property name="UserSpawnType" value="Menu"/>
    <property name="IsEnemyEntity" value="true"/>
	<property name="Mesh" value="#@modfolder:Resources/Raptors2.unity3d?RaptorGreen"/>	
	<property name="Mass" value="100"/>
    <property name="AvatarController" value="AvatarAnimalController"/>
    <property name="HasRagdoll" value="true"/>
	<property name="HasDeathAnim" value="true"/>
	<property name="RootMotion" value="false"/>	
    <property name="PhysicsBody" value="boar"/>
	<property name="RagdollOnDeathChance" value=".5"/>
	<property name="PhysicsBody" value="bear"/>
    <property name="Mass" value="80"/>
    <property name="LookAtAngle" value="0"/>
	<property name="ExperienceGain" value="550"/>
	<property name="HandItem" value="meleeHandAnimalWolf"/>

	<property name="SoundRandom" value="OakRaptorroam"/>
	<property name="SoundAlert" value="OakRaptoralert"/>
	<property name="SoundHurt" value="OakRaptorpain"/>
	<property name="SoundDeath" value="OakRaptordeath"/>
	<property name="SoundAttack" value="Animals/Boar/boarattack"/>
	<property name="SoundSense" value="OakRaptorsense"/>
	<property name="SoundGiveUp" value="OakRaptorsense"/>
    <property name="SoundFootstepModifier" value=""/>

    <property name="PainResistPerHit" value="1"/>
    <property name="MoveSpeed" value="0.3"/>
    <property name="MoveSpeedAggro" value="1.3,1.3"/>
    <property name="MoveSpeedPanic" value="1.6"/>
	<property name="ExperienceGain" value="250"/>
	<property name="CanClimbLadders" value="true"/>
	<property name="DeadBodyHitPoints" value="250"/>

	<drop event="Harvest" name="foodRawMeat" count="0" tool_category="Butcher"/>
	<drop event="Harvest" name="foodRawMeat" tag="butcherHarvest" count="20"/>
	<drop event="Harvest" name="resourceLeather" tag="butcherHarvest" count="5"/>
	<drop event="Harvest" name="resourceAnimalFat" tag="butcherHarvest" count="3"/>
	<drop event="Harvest" name="resourceBone" tag="butcherHarvest" count="10"/>
	<drop event="Harvest" name="resourceBone" tag="allToolsHarvest" count="3"/>
	<drop event="Harvest" name="foodRawMeat" count="1" tag="WasteTreasuresCompleteHarvest"/>
	<drop event="Harvest" name="resourceLeather" count="1" tag="WasteTreasuresCompleteHarvest"/>
	<drop event="Harvest" name="resourceBone" count="1" tag="WasteTreasuresCompleteHarvest"/>

	<effect_group name="Base Effects">
		<passive_effect name="HealthMax" operation="base_set" value="450"/>
		<passive_effect name="BuffResistance" operation="base_set" value="1" tags="buffIsOnFire"/>
	</effect_group>
	<property name="NavObject" value="twitch_spawn,twitch_spawn_other,animaltracking_bear,clear_sleeper" />
</entity_class>	

<entity_class name="animalRaptorBlue" extends="animalRaptorGreen">
	<property name="UserSpawnType" value="Menu"/>
	<property name="Tags" value="entity,animal,hostile,bear,perkAT03"/>
	<property name="Mesh" value="#@modfolder:Resources/Raptors2.unity3d?RaptorBlue"/>
	
	<drop event="Harvest" name="foodRawMeat" count="0" tool_category="Butcher"/>
	<drop event="Harvest" name="foodRawMeat" tag="butcherHarvest" count="20"/>
	<drop event="Harvest" name="resourceLeather" tag="butcherHarvest" count="5"/>
	<drop event="Harvest" name="resourceAnimalFat" tag="butcherHarvest" count="3"/>
	<drop event="Harvest" name="resourceBone" tag="butcherHarvest" count="10"/>
	<drop event="Harvest" name="resourceBone" tag="allToolsHarvest" count="3"/>
	<drop event="Harvest" name="foodRawMeat" count="1" tag="WasteTreasuresCompleteHarvest"/>
	<drop event="Harvest" name="resourceLeather" count="1" tag="WasteTreasuresCompleteHarvest"/>
	<drop event="Harvest" name="resourceBone" count="1" tag="WasteTreasuresCompleteHarvest"/>
	
	<effect_group name="Base Effects">
		<passive_effect name="HealthMax" operation="base_set" value="450"/>
		<passive_effect name="BuffResistance" operation="base_set" value="1" tags="buffIsOnFire"/>
	</effect_group>
	<property name="NavObject" value="twitch_spawn,twitch_spawn_other,animaltracking_bear,clear_sleeper" />
</entity_class>

<entity_class name="animalRaptorOrange" extends="animalRaptorGreen">
	<property name="UserSpawnType" value="Menu"/>
	<property name="Tags" value="entity,animal,hostile,bear,perkAT03"/>
	<property name="Mesh" value="#@modfolder:Resources/Raptors2.unity3d?RaptorOrange"/>
	
	<drop event="Harvest" name="foodRawMeat" count="0" tool_category="Butcher"/>
	<drop event="Harvest" name="foodRawMeat" tag="butcherHarvest" count="20"/>
	<drop event="Harvest" name="resourceLeather" tag="butcherHarvest" count="5"/>
	<drop event="Harvest" name="resourceAnimalFat" tag="butcherHarvest" count="3"/>
	<drop event="Harvest" name="resourceBone" tag="butcherHarvest" count="10"/>
	<drop event="Harvest" name="resourceBone" tag="allToolsHarvest" count="3"/>
	<drop event="Harvest" name="foodRawMeat" count="1" tag="WasteTreasuresCompleteHarvest"/>
	<drop event="Harvest" name="resourceLeather" count="1" tag="WasteTreasuresCompleteHarvest"/>
	<drop event="Harvest" name="resourceBone" count="1" tag="WasteTreasuresCompleteHarvest"/>
	
	<effect_group name="Base Effects">
		<passive_effect name="HealthMax" operation="base_set" value="450"/>
		<passive_effect name="BuffResistance" operation="base_set" value="1" tags="buffIsOnFire"/>
	</effect_group>
	<property name="NavObject" value="twitch_spawn,twitch_spawn_other,animaltracking_bear,clear_sleeper" />
</entity_class>

<entity_class name="animalRaptorSandBlack" extends="animalRaptorGreen">
	<property name="UserSpawnType" value="Menu"/>
	<property name="Tags" value="entity,animal,hostile,bear,perkAT03"/>
	<property name="Mesh" value="#@modfolder:Resources/Raptors2.unity3d?RaptorSandBlack"/>
	
	<drop event="Harvest" name="foodRawMeat" count="0" tool_category="Butcher"/>
	<drop event="Harvest" name="foodRawMeat" tag="butcherHarvest" count="20"/>
	<drop event="Harvest" name="resourceLeather" tag="butcherHarvest" count="5"/>
	<drop event="Harvest" name="resourceAnimalFat" tag="butcherHarvest" count="3"/>
	<drop event="Harvest" name="resourceBone" tag="butcherHarvest" count="10"/>
	<drop event="Harvest" name="resourceBone" tag="allToolsHarvest" count="3"/>
	<drop event="Harvest" name="foodRawMeat" count="1" tag="WasteTreasuresCompleteHarvest"/>
	<drop event="Harvest" name="resourceLeather" count="1" tag="WasteTreasuresCompleteHarvest"/>
	<drop event="Harvest" name="resourceBone" count="1" tag="WasteTreasuresCompleteHarvest"/>
	
	<effect_group name="Base Effects">
		<passive_effect name="HealthMax" operation="base_set" value="450"/>
		<passive_effect name="BuffResistance" operation="base_set" value="1" tags="buffIsOnFire"/>
	</effect_group>
	<property name="NavObject" value="twitch_spawn,twitch_spawn_other,animaltracking_bear,clear_sleeper" />
</entity_class>

<entity_class name="animalRaptorSandGreen" extends="animalRaptorGreen">
	<property name="UserSpawnType" value="Menu"/>
	<property name="Tags" value="entity,animal,hostile,bear,perkAT03"/>
	<property name="Mesh" value="#@modfolder:Resources/Raptors2.unity3d?RaptorSandGreen"/>
	
	<drop event="Harvest" name="foodRawMeat" count="0" tool_category="Butcher"/>
	<drop event="Harvest" name="foodRawMeat" tag="butcherHarvest" count="20"/>
	<drop event="Harvest" name="resourceLeather" tag="butcherHarvest" count="5"/>
	<drop event="Harvest" name="resourceAnimalFat" tag="butcherHarvest" count="3"/>
	<drop event="Harvest" name="resourceBone" tag="butcherHarvest" count="10"/>
	<drop event="Harvest" name="resourceBone" tag="allToolsHarvest" count="3"/>
	<drop event="Harvest" name="foodRawMeat" count="1" tag="WasteTreasuresCompleteHarvest"/>
	<drop event="Harvest" name="resourceLeather" count="1" tag="WasteTreasuresCompleteHarvest"/>
	<drop event="Harvest" name="resourceBone" count="1" tag="WasteTreasuresCompleteHarvest"/>
	
	<effect_group name="Base Effects">
		<passive_effect name="HealthMax" operation="base_set" value="450"/>
		<passive_effect name="BuffResistance" operation="base_set" value="1" tags="buffIsOnFire"/>
	</effect_group>
	<property name="NavObject" value="twitch_spawn,twitch_spawn_other,animaltracking_bear,clear_sleeper" />	
</entity_class>

<entity_class name="animalRaptoroak" extends="animalRaptorGreen">
	<property name="UserSpawnType" value="Menu"/>
	<property name="Tags" value="entity,animal,hostile,bear,perkAT03"/>
	<property name="Mesh" value="#@modfolder:Resources/Raptors2.unity3d?OldRaptor"/>
	<property name="ExperienceGain" value="850"/>
	<property name="HandItem" value="meleeHandAnimalDireWolf"/>
	
	<drop event="Harvest" name="foodRawMeat" count="0" tool_category="Butcher"/>
	<drop event="Harvest" name="foodRawMeat" tag="butcherHarvest" count="20"/>
	<drop event="Harvest" name="resourceLeather" tag="butcherHarvest" count="5"/>
	<drop event="Harvest" name="resourceAnimalFat" tag="butcherHarvest" count="3"/>
	<drop event="Harvest" name="resourceBone" tag="butcherHarvest" count="10"/>
	<drop event="Harvest" name="resourceBone" tag="allToolsHarvest" count="3"/>
	<drop event="Harvest" name="foodRawMeat" count="1" tag="WasteTreasuresCompleteHarvest"/>
	<drop event="Harvest" name="resourceLeather" count="1" tag="WasteTreasuresCompleteHarvest"/>
	<drop event="Harvest" name="resourceBone" count="1" tag="WasteTreasuresCompleteHarvest"/>
	
	<effect_group name="Base Effects">
		<passive_effect name="HealthMax" operation="base_set" value="750"/>
		<passive_effect name="BuffResistance" operation="base_set" value="1" tags="buffIsOnFire"/>
	</effect_group>
	<property name="NavObject" value="twitch_spawn,twitch_spawn_other,animaltracking_bear,clear_sleeper" />
</entity_class>

<entity_class name="animaloakdrakee" extends="animalRaptorGreen">
	<property name="UserSpawnType" value="Menu"/>
	<property name="Tags" value="entity,animal,hostile,bear,perkAT03"/>
	<property name="Mesh" value="#@modfolder:Resources/oakdrakee.unity3d?oakdrakee"/>
	<property name="ExperienceGain" value="850"/>
	<property name="HandItem" value="meleeHandAnimalDireWolf"/>
	
	<drop event="Harvest" name="foodRawMeat" count="0" tool_category="Butcher"/>
	<drop event="Harvest" name="foodRawMeat" tag="butcherHarvest" count="20"/>
	<drop event="Harvest" name="resourceLeather" tag="butcherHarvest" count="5"/>
	<drop event="Harvest" name="resourceAnimalFat" tag="butcherHarvest" count="3"/>
	<drop event="Harvest" name="resourceBone" tag="butcherHarvest" count="10"/>
	<drop event="Harvest" name="resourceBone" tag="allToolsHarvest" count="3"/>
	<drop event="Harvest" name="foodRawMeat" count="1" tag="WasteTreasuresCompleteHarvest"/>
	<drop event="Harvest" name="resourceLeather" count="1" tag="WasteTreasuresCompleteHarvest"/>
	<drop event="Harvest" name="resourceBone" count="1" tag="WasteTreasuresCompleteHarvest"/>
	
	<effect_group name="Base Effects">
		<passive_effect name="HealthMax" operation="base_set" value="750"/>
		<passive_effect name="BuffResistance" operation="base_set" value="1" tags="buffIsOnFire"/>
	</effect_group>
	<property name="NavObject" value="twitch_spawn,twitch_spawn_other,animaltracking_bear,clear_sleeper" />
</entity_class>

                          <!-- PACHYS -->
						  
<entity_class name="animalOakPachyBlue" extends="animalTemplateHostileWalking">
	<property name="Tags" value="entity,animal,hostile,boar,perkAT02,perkAT03,"/>
	<property name="MapIcon" value="ui_game_symbol_tracking_pig"/>
	<property name="TrackerIcon" value="ui_game_symbol_tracking_pig"/>
	<property name="IsEnemyEntity" value="false"/><!-- override hostile template setting so he can spawn in safe zones -->
	<property name="UserSpawnType" value="Menu"/>
	<property name="Mesh" value="#@modfolder:Resources/Patchys.unity3d?PachyBlue"/>	
	<property name="Mass" value="100"/>
    <property name="AvatarController" value="AvatarAnimalController"/>
    <property name="HasRagdoll" value="true"/>
	<property name="HasDeathAnim" value="true"/>
	<property name="RootMotion" value="false"/>	
	<property name="PhysicsBody" value="boar"/>
	<property name="RagdollOnDeathChance" value=".5"/>
    <property name="Mass" value="80"/>
    <property name="LookAtAngle" value="0"/>
	<property name="HandItem" value="meleeHandAnimalWolf"/>
	<property name="ExperienceGain" value="450"/>

	<property name="SoundRandom" value="OakPachyroam"/>
	<property name="SoundAlert" value="OakPachyalert"/>
	<property name="SoundHurt" value="OakPachypain"/>
	<property name="SoundDeath" value="OakPachydeath"/>
	<property name="SoundAttack" value="Animals/Boar/boarattack"/>
	<property name="SoundSense" value="OakPachysense"/>
	<property name="SoundGiveUp" value="OakPachysense"/>

	<!-- Gameplay  -->
	<property name="PainResistPerHit" value=".75"/>
	<property name="MoveSpeed" value="0.2"/>
	<property name="MoveSpeedAggro" value="1.3, 1.3"/>
	<property name="MoveSpeedPanic" value="1.6"/>
	<property name="ExperienceGain" value="250"/>
	<property name="CanClimbLadders" value="true"/>
	<property name="DeadBodyHitPoints" value="250"/>

	<drop event="Harvest" name="foodRawMeat" count="0" tool_category="Butcher"/>
	<drop event="Harvest" name="foodRawMeat" tag="butcherHarvest" count="20"/>
	<drop event="Harvest" name="resourceLeather" tag="butcherHarvest" count="5"/>
	<drop event="Harvest" name="resourceAnimalFat" tag="butcherHarvest" count="3"/>
	<drop event="Harvest" name="resourceBone" tag="butcherHarvest" count="10"/>
	<drop event="Harvest" name="resourceBone" tag="allToolsHarvest" count="3"/>
	<drop event="Harvest" name="foodRawMeat" count="1" tag="WasteTreasuresCompleteHarvest"/>
	<drop event="Harvest" name="resourceLeather" count="1" tag="WasteTreasuresCompleteHarvest"/>
	<drop event="Harvest" name="resourceBone" count="1" tag="WasteTreasuresCompleteHarvest"/>

	<effect_group name="Base Effects">
		<passive_effect name="HealthMax" operation="base_set" value="400"/>
		<passive_effect name="BuffResistance" operation="base_set" value="1" tags="buffIsOnFire"/>
	</effect_group>
	<property name="NavObject" value="twitch_spawn,twitch_spawn_other,animaltracking_boar,clear_sleeper" />
</entity_class>

<entity_class name="animalOakPachyGray" extends="animalOakPachyBlue">
	<property name="UserSpawnType" value="Menu"/>
	<property name="Tags" value="entity,animal,hostile,boar,perkAT02,perkAT03,"/>
	<property name="Mesh" value="#@modfolder:Resources/Patchys.unity3d?PachyGray"/>
	
	<drop event="Harvest" name="foodRawMeat" count="0" tool_category="Butcher"/>
	<drop event="Harvest" name="foodRawMeat" tag="butcherHarvest" count="20"/>
	<drop event="Harvest" name="resourceLeather" tag="butcherHarvest" count="5"/>
	<drop event="Harvest" name="resourceAnimalFat" tag="butcherHarvest" count="3"/>
	<drop event="Harvest" name="resourceBone" tag="butcherHarvest" count="10"/>
	<drop event="Harvest" name="resourceBone" tag="allToolsHarvest" count="3"/>
	<drop event="Harvest" name="foodRawMeat" count="1" tag="WasteTreasuresCompleteHarvest"/>
	<drop event="Harvest" name="resourceLeather" count="1" tag="WasteTreasuresCompleteHarvest"/>
	<drop event="Harvest" name="resourceBone" count="1" tag="WasteTreasuresCompleteHarvest"/>
	
	<effect_group name="Base Effects">
		<passive_effect name="HealthMax" operation="base_set" value="400"/>
		<passive_effect name="BuffResistance" operation="base_set" value="1" tags="buffIsOnFire"/>
	</effect_group>
	<property name="NavObject" value="twitch_spawn,twitch_spawn_other,animaltracking_boar,clear_sleeper" />
</entity_class>

<entity_class name="animalOakPachyGreen" extends="animalOakPachyBlue">
	<property name="UserSpawnType" value="Menu"/>
	<property name="Tags" value="entity,animal,hostile,boar,perkAT02,perkAT03,"/>
	<property name="Mesh" value="#@modfolder:Resources/Patchys.unity3d?PachyGreen"/>
	
	<drop event="Harvest" name="foodRawMeat" count="0" tool_category="Butcher"/>
	<drop event="Harvest" name="foodRawMeat" tag="butcherHarvest" count="20"/>
	<drop event="Harvest" name="resourceLeather" tag="butcherHarvest" count="5"/>
	<drop event="Harvest" name="resourceAnimalFat" tag="butcherHarvest" count="3"/>
	<drop event="Harvest" name="resourceBone" tag="butcherHarvest" count="10"/>
	<drop event="Harvest" name="resourceBone" tag="allToolsHarvest" count="3"/>
	<drop event="Harvest" name="foodRawMeat" count="1" tag="WasteTreasuresCompleteHarvest"/>
	<drop event="Harvest" name="resourceLeather" count="1" tag="WasteTreasuresCompleteHarvest"/>
	<drop event="Harvest" name="resourceBone" count="1" tag="WasteTreasuresCompleteHarvest"/>
	
	<effect_group name="Base Effects">
		<passive_effect name="HealthMax" operation="base_set" value="400"/>
		<passive_effect name="BuffResistance" operation="base_set" value="1" tags="buffIsOnFire"/>
	</effect_group>
	<property name="NavObject" value="twitch_spawn,twitch_spawn_other,animaltracking_boar,clear_sleeper" />
</entity_class>

<entity_class name="animalOakPachyRed" extends="animalOakPachyBlue">
	<property name="UserSpawnType" value="Menu"/>
	<property name="Tags" value="entity,animal,hostile,boar,perkAT02,perkAT03,"/>
	<property name="Mesh" value="#@modfolder:Resources/Patchys.unity3d?PachyRed"/>
	
	<drop event="Harvest" name="foodRawMeat" count="0" tool_category="Butcher"/>
	<drop event="Harvest" name="foodRawMeat" tag="butcherHarvest" count="20"/>
	<drop event="Harvest" name="resourceLeather" tag="butcherHarvest" count="5"/>
	<drop event="Harvest" name="resourceAnimalFat" tag="butcherHarvest" count="3"/>
	<drop event="Harvest" name="resourceBone" tag="butcherHarvest" count="10"/>
	<drop event="Harvest" name="resourceBone" tag="allToolsHarvest" count="3"/>
	<drop event="Harvest" name="foodRawMeat" count="1" tag="WasteTreasuresCompleteHarvest"/>
	<drop event="Harvest" name="resourceLeather" count="1" tag="WasteTreasuresCompleteHarvest"/>
	<drop event="Harvest" name="resourceBone" count="1" tag="WasteTreasuresCompleteHarvest"/>
	
	<effect_group name="Base Effects">
		<passive_effect name="HealthMax" operation="base_set" value="400"/>
		<passive_effect name="BuffResistance" operation="base_set" value="1" tags="buffIsOnFire"/>
	</effect_group>
	<property name="NavObject" value="twitch_spawn,twitch_spawn_other,animaltracking_boar,clear_sleeper" />
</entity_class>

<entity_class name="animalOakPachyGreenBrown" extends="animalOakPachyBlue">
	<property name="UserSpawnType" value="Menu"/>
	<property name="Tags" value="entity,animal,hostile,boar,perkAT02,perkAT03,"/>
	<property name="Mesh" value="#@modfolder:Resources/Patchys.unity3d?PachyGreenBrown"/>
	
	<drop event="Harvest" name="foodRawMeat" count="0" tool_category="Butcher"/>
	<drop event="Harvest" name="foodRawMeat" tag="butcherHarvest" count="20"/>
	<drop event="Harvest" name="resourceLeather" tag="butcherHarvest" count="5"/>
	<drop event="Harvest" name="resourceAnimalFat" tag="butcherHarvest" count="3"/>
	<drop event="Harvest" name="resourceBone" tag="butcherHarvest" count="10"/>
	<drop event="Harvest" name="resourceBone" tag="allToolsHarvest" count="3"/>
	<drop event="Harvest" name="foodRawMeat" count="1" tag="WasteTreasuresCompleteHarvest"/>
	<drop event="Harvest" name="resourceLeather" count="1" tag="WasteTreasuresCompleteHarvest"/>
	<drop event="Harvest" name="resourceBone" count="1" tag="WasteTreasuresCompleteHarvest"/>
	
	<effect_group name="Base Effects">
		<passive_effect name="HealthMax" operation="base_set" value="400"/>
		<passive_effect name="BuffResistance" operation="base_set" value="1" tags="buffIsOnFire"/>
	</effect_group>
	<property name="NavObject" value="twitch_spawn,twitch_spawn_other,animaltracking_boar,clear_sleeper" />
</entity_class>

</append>

</configs>