<Configs>

<!-- *** INTEGRATION FOR ANIMALS -->

<!-- *** BIOME_ENEMY_ANIMAL_DESERT_GROUP -->

	<csv xpath="/entitygroups/entitygroup[@name='EnemyAnimalsDesert']/text()" delim="\n" op="add" >
		RaptorGreen, 20
		RaptorBlue, 20
		RaptorOrange, 20
		RaptorSandBlack, 20
		RaptorSandGreen, 20
		Raptoroak, 20
		oakdrakee, 20
		animalOakPachyBlue, 20
		animalOakPachyGray, 20
		animalOakPachyGreen, 20
		animalOakPachyRed, 20
		animalOakPachyGreenBrown, 20
	</csv>
	
<!-- *** BIOME_ANIMAL_WILD_GAME_FOREST_GROUP -->

	<csv xpath="/entitygroups/entitygroup[@name='WildGameForest']/text()" delim="\n" op="add" >
		RaptorGreen, 3
		RaptorBlue, 3
		RaptorOrange, 3
		RaptorSandBlack, 3
		RaptorSandGreen, 3
		Raptoroak, 3
		oakdrakee, 3
		animalOakPachyBlue, 3
		animalOakPachyGray, 3
		animalOakPachyGreen, 3
		animalOakPachyRed, 3
		animalOakPachyGreenBrown, 3
	</csv>
	
	<!-- *** BIOME_ENEMY_ANIMAL_FOREST_GROUP -->
	
	<csv xpath="/entitygroups/entitygroup[@name='EnemyAnimalsForest']/text()" delim="\n" op="add" >
		RaptorGreen, 5
		RaptorBlue, 5
		RaptorOrange, 5
		RaptorSandBlack, 5
		RaptorSandGreen, 5
		Raptoroak, 5
		oakdrakee, 5
		animalOakPachyBlue, 5
		animalOakPachyGray, 5
		animalOakPachyGreen, 5
		animalOakPachyRed, 5
		animalOakPachyGreenBrown, 5
	</csv>
	
	<!-- *** BIOME_ENEMY_ANIMAL_BURNT_FOREST_GROUP -->
	
	<csv xpath="/entitygroups/entitygroup[@name='EnemyAnimalsBurntForestAny']/text()" delim="\n" op="add" >
		RaptorGreen, 10
		RaptorBlue, 10
		RaptorOrange, 10
		RaptorSandBlack, 10
		RaptorSandGreen, 10
		Raptoroak, 10
		oakdrakee, 10
		animalOakPachyBlue, 10
		animalOakPachyGray, 10
		animalOakPachyGreen, 10
		animalOakPachyRed, 10
		animalOakPachyGreenBrown, 10
	</csv>
	
	<!-- *** BIOME_ENEMY_ANIMAL_WASTELAND_GROUP -->
	
	<csv xpath="/entitygroups/entitygroup[@name='EnemyAnimalsWasteland']/text()" delim="\n" op="add" >
		RaptorGreen, 20
		RaptorBlue, 20
		RaptorOrange, 20
		RaptorSandBlack, 20
		RaptorSandGreen, 20
		Raptoroak, 20
		oakdrakee, 20
		animalOakPachyBlue, 20
		animalOakPachyGray, 20
		animalOakPachyGreen, 20
		animalOakPachyRed, 20
		animalOakPachyGreenBrown, 20
	</csv>

</Configs>