<configs>
	<append xpath="/Sounds">
	
	<!-- RAPTORS -->
		
	<SoundDataNode name="OakRaptoralert"> <AudioSource name="Sounds/AudioSource_CreatureSenseAlert"/>
	<AudioClip ClipName="#@modfolder:Resources/raptorsounds.unity3d?RaptorBark1"/>
	<AudioClip ClipName="#@modfolder:Resources/raptorsounds.unity3d?RaptorBark2"/>
	<Channel name="Mouth"/>
	<Priority name="3"/>
	<maxVoicesPerEntity value="1"/>
	<LowestPitch name="0.95"/>
	<HighestPitch name="1.05"/>
	<LocalCrouchVolumeScale value="1.0"/> <CrouchNoiseScale value="0.5"/> <NoiseScale value="1"/> <MaxVoices value="10"/> <MaxRepeatRate value="3"/> </SoundDataNode>

<SoundDataNode name="OakRaptordeath"> <AudioSource name="Sounds/AudioSource_Pain"/>
	<AudioClip ClipName="#@modfolder:Resources/raptorsounds.unity3d?RaptorDeath1"/>
	<AudioClip ClipName="#@modfolder:Resources/raptorsounds.unity3d?RaptorDeath2"/>
	<Channel name="Mouth"/>
	<Priority name="0"/>
	<maxVoicesPerEntity value="1"/>
	<LowestPitch name="0.95"/>
	<HighestPitch name="1.05"/>
	<LocalCrouchVolumeScale value="1.0"/> <CrouchNoiseScale value="0.5"/> <NoiseScale value="1"/> <MaxVoices value="10"/> <MaxRepeatRate value="1.111"/> </SoundDataNode>

<SoundDataNode name="OakRaptorpain"> <AudioSource name="Sounds/AudioSource_Pain"/>
	<AudioClip ClipName="#@modfolder:Resources/raptorsounds.unity3d?RaptorYelp1"/>
	<AudioClip ClipName="#@modfolder:Resources/raptorsounds.unity3d?RaptorYelp2"/>
	<Channel name="Mouth"/>
	<Priority name="1"/>
	<maxVoicesPerEntity value="1"/>
	<LowestPitch name="0.95"/>
	<HighestPitch name="1.05"/>
	<LocalCrouchVolumeScale value="1.0"/> <CrouchNoiseScale value="0.5"/> <NoiseScale value="1"/> <MaxVoices value="10"/> <MaxRepeatRate value="1.8"/> </SoundDataNode>

<SoundDataNode name="OakRaptorroam"> <AudioSource name="Sounds/AudioSource_Creatures"/>
	<AudioClip ClipName="#@modfolder:Resources/raptorsounds.unity3d?RaptorRoar1"/>
	<AudioClip ClipName="#@modfolder:Resources/raptorsounds.unity3d?RaptorRoar2"/>
	<AudioClip ClipName="#@modfolder:Resources/raptorsounds.unity3d?RaptorRoar3"/>
	<Channel name="Mouth"/>
	<Priority name="5"/>
	<maxVoicesPerEntity value="1"/>
	<LowestPitch name="0.95"/>
	<HighestPitch name="1.05"/>
	<LocalCrouchVolumeScale value="1.0"/> <CrouchNoiseScale value="0.5"/> <NoiseScale value="1"/> <MaxVoices value="10"/> <MaxRepeatRate value="3"/> </SoundDataNode>

<SoundDataNode name="OakRaptorsense"> <AudioSource name="Sounds/AudioSource_CreatureSenseAlert"/>
	<AudioClip ClipName="#@modfolder:Resources/raptorsounds.unity3d?RaptorScreech1"/>
	<AudioClip ClipName="#@modfolder:Resources/raptorsounds.unity3d?RaptorScreech2"/>
	<AudioClip ClipName="#@modfolder:Resources/raptorsounds.unity3d?RaptorGrowl1"/>
	<Channel name="Mouth"/>
	<Priority name="4"/>
	<maxVoicesPerEntity value="1"/>
	<LowestPitch name="0.95"/>
	<HighestPitch name="1.05"/>
	<LocalCrouchVolumeScale value="1.0"/> <CrouchNoiseScale value="0.5"/> <NoiseScale value="1"/> <MaxVoices value="10"/> <MaxRepeatRate value="3"/> </SoundDataNode>

    <!-- PACHYS -->
	
	<SoundDataNode name="OakPachyalert"> <AudioSource name="Sounds/AudioSource_CreatureSenseAlert"/>
	<AudioClip ClipName="#@modfolder:Resources/PatchysSounds.unity3d?Pachycephalosaurus_Bark"/>
	<AudioClip ClipName="#@modfolder:Resources/PatchysSounds.unity3d?Pachycephalosaurus_Bark2"/>
	<Channel name="Mouth"/>
	<Priority name="3"/>
	<maxVoicesPerEntity value="1"/>
	<LowestPitch name="0.95"/>
	<HighestPitch name="1.05"/>
	<LocalCrouchVolumeScale value="1.0"/> <CrouchNoiseScale value="0.5"/> <NoiseScale value="1"/> <MaxVoices value="10"/> <MaxRepeatRate value="3"/> </SoundDataNode>

<SoundDataNode name="OakPachydeath"> <AudioSource name="Sounds/AudioSource_Pain"/>
	<AudioClip ClipName="#@modfolder:Resources/PatchysSounds.unity3d?Pachycephalosaurus_Death"/>
	<AudioClip ClipName="#@modfolder:Resources/PatchysSounds.unity3d?Pachycephalosaurus_Death2"/>
	<Channel name="Mouth"/>
	<Priority name="0"/>
	<maxVoicesPerEntity value="1"/>
	<LowestPitch name="0.95"/>
	<HighestPitch name="1.05"/>
	<LocalCrouchVolumeScale value="1.0"/> <CrouchNoiseScale value="0.5"/> <NoiseScale value="1"/> <MaxVoices value="10"/> <MaxRepeatRate value="1.111"/> </SoundDataNode>

<SoundDataNode name="OakPachypain"> <AudioSource name="Sounds/AudioSource_Pain"/>
	<AudioClip ClipName="#@modfolder:Resources/PatchysSounds.unity3d?Pachycephalosaurus_Growl"/>
	<AudioClip ClipName="#@modfolder:Resources/PatchysSounds.unity3d?Pachycephalosaurus_Growl2"/>
	<Channel name="Mouth"/>
	<Priority name="1"/>
	<maxVoicesPerEntity value="1"/>
	<LowestPitch name="0.95"/>
	<HighestPitch name="1.05"/>
	<LocalCrouchVolumeScale value="1.0"/> <CrouchNoiseScale value="0.5"/> <NoiseScale value="1"/> <MaxVoices value="10"/> <MaxRepeatRate value="1.8"/> </SoundDataNode>

<SoundDataNode name="OakPachyroam"> <AudioSource name="Sounds/AudioSource_Creatures"/>
	<AudioClip ClipName="#@modfolder:Resources/PatchysSounds.unity3d?Pachycephalosaurus_Roar"/>
	<AudioClip ClipName="#@modfolder:Resources/PatchysSounds.unity3d?Pachycephalosaurus_Roar2"/>
	<AudioClip ClipName="#@modfolder:Resources/PatchysSounds.unity3d?Pachycephalosaurus_Roar3"/>
	<Channel name="Mouth"/>
	<Priority name="5"/>
	<maxVoicesPerEntity value="1"/>
	<LowestPitch name="0.95"/>
	<HighestPitch name="1.05"/>
	<LocalCrouchVolumeScale value="1.0"/> <CrouchNoiseScale value="0.5"/> <NoiseScale value="1"/> <MaxVoices value="10"/> <MaxRepeatRate value="3"/> </SoundDataNode>

<SoundDataNode name="OakPachysense"> <AudioSource name="Sounds/AudioSource_CreatureSenseAlert"/>
	<AudioClip ClipName="#@modfolder:Resources/PatchysSounds.unity3d?Pachycephalosaurus_Yelp"/>
	<AudioClip ClipName="#@modfolder:Resources/PatchysSounds.unity3d?Pachycephalosaurus_Yelp2"/>
	<AudioClip ClipName="#@modfolder:Resources/PatchysSounds.unity3d?Pachycephalosaurus_Roar4"/>
	<Channel name="Mouth"/>
	<Priority name="4"/>
	<maxVoicesPerEntity value="1"/>
	<LowestPitch name="0.95"/>
	<HighestPitch name="1.05"/>
	<LocalCrouchVolumeScale value="1.0"/> <CrouchNoiseScale value="0.5"/> <NoiseScale value="1"/> <MaxVoices value="10"/> <MaxRepeatRate value="3"/> </SoundDataNode>
	
	
	</append>
</configs>