<configs>

<!-- *** BIOME_SPAWNING -->

	<!-- *** PINE_FOREST_SPAWNS -->
	<append xpath="/spawning/biome[@name='pine_forest']">
		<spawn id="doakscbd01" maxcount="1" respawndelay="1" time="Day" entitygroup="OaksColdBloodsDay" spawnDeadChance="0" />
		<spawn id="noakscbn01" maxcount="1" respawndelay="1" time="Night" entitygroup="OaksColdBloodsNight" spawnDeadChance="0" />
	</append>

	<!-- *** BURNT_FOREST_SPAWNS -->
	<append xpath="/spawning/biome[@name='burnt_forest']">
		<spawn id="doakscbd01" maxcount="1" respawndelay="1" time="Day" entitygroup="OaksColdBloodsDay" spawnDeadChance="0" />
		<spawn id="noakscbn01" maxcount="2" respawndelay="1" time="Night" entitygroup="OaksColdBloodsNight" spawnDeadChance="0" />
	</append>

	<!-- *** DESERT_SPAWNS -->
	<append xpath="/spawning/biome[@name='desert']">
		<spawn id="doakscbd01" maxcount="1" respawndelay="1" time="Day" entitygroup="OaksColdBloodsDay" spawnDeadChance="0" />
		<spawn id="noakscbn01" maxcount="2" respawndelay="1" time="Night" entitygroup="OaksColdBloodsNight" spawnDeadChance="0" />
	</append>

	<!-- *** SNOW_SPAWNS -->
	<append xpath="/spawning/biome[@name='snow']">
		<spawn id="doakscbd01" maxcount="1" respawndelay="2" time="Day" entitygroup="OaksColdBloodsDay" spawnDeadChance="0" />
		<spawn id="noakscbn01" maxcount="1" respawndelay="2" time="Night" entitygroup="OaksColdBloodsNight" spawnDeadChance="0" />
	</append>

	<!-- *** WASTELAND_SPAWNS -->
	<append xpath="/spawning/biome[@name='wasteland']">
		<spawn id="doakscbd01" maxcount="2" respawndelay="0.75" time="Day" entitygroup="OaksColdBloodsDay" spawnDeadChance="0" />
		<spawn id="noakscbn01" maxcount="2" respawndelay="0.5" time="Night" entitygroup="OaksColdBloodsNight" spawnDeadChance="0" />
	</append>
	
</configs>