<configs>

 	<append xpath="/quests">
	
		<quest id="challenge_1-SummonFriendZ">
			<property name="offer_key" value="Accept this quest to take responsibility of a random FriendZ. Move to an open area to allow a FriendZ to be summoned. Feed 100 meat to hire. There are 8 in total - Desert Eagle Tom, M60 Dave, AK47 Momma, T.A. Rifle Business Man, SMG Marlene, Magnum Biker, Sniper Burnt, and Auto Moe."/>
			<property name="name_key" value="Summon - FriendZ"/>
			<property name="subtitle_key" value="Summon - FriendZ"/>
			<property name="description_key" value="Move to an open area to allow a random FriendZ to be summoned."/>
			<property name="icon" value="ui_game_symbol_zombie"/>
			<property name="repeatable" value="true"/>
			<property name="category_key" value="challenge"/>
			<property name="difficulty" value="easy"/>
			<property name="add_to_tier_complete" value="false"/>
				
		<reward type="Exp" value="1500"/>
		<action type="SpawnEnemy" id="npcTomClarkDPistol,npcDemolitionDaveM60,npcMommaAK47,npcBusinessManTRifle,npcMarleneSMG,npcBikerMagnumDPistol,npcBurntSRifle,npcMoeAShotgun" value="1"/>
		<reward type="Item" id="foodRawMeat" value="100"/>		
		</quest>		
	
	</append>
	
</configs>