<configs>

	<append xpath="/spawning/biome[@name='pine_forest']">
		<spawn id="dSummonFriendZDay01" maxcount="1" respawndelay="2" time="Day" entitygroup="SummonFriendZDay" notags="commercial,industrial,downtown" />
		<spawn id="nSummonFriendZNight01" maxcount="1" respawndelay="2" time="Night" entitygroup="SummonFriendZNight" notags="commercial,industrial,downtown" />
		<spawn id="dSummonFriendZDay02" maxcount="1" respawndelay="3" time="Day" entitygroup="SummonFriendZDay" tags="commercial,industrial" notags="downtown" />
		<spawn id="nSummonFriendZNight02" maxcount="1" respawndelay="3" time="Night" entitygroup="SummonFriendZNight" tags="commercial,industrial" notags="downtown" />
		<spawn id="dSummonFriendZDay03" maxcount="1" respawndelay="3" time="Day" entitygroup="SummonFriendZNight" tags="downtown" />
		<spawn id="nSummonFriendZNight03" maxcount="1" respawndelay="3" time="Night" entitygroup="SummonFriendZNight" tags="downtown" />
	</append>
	
	<append xpath="/spawning/biome[@name='burnt_forest']">
		<spawn id="dSummonFriendZDay01" maxcount="1" respawndelay="2" time="Day" entitygroup="SummonFriendZDay" notags="commercial,industrial,downtown" />
		<spawn id="nSummonFriendZNight01" maxcount="2" respawndelay="1.5" time="Night" entitygroup="SummonFriendZNight" notags="commercial,industrial,downtown" />
		<spawn id="dSummonFriendZDay02" maxcount="1" respawndelay="2" time="Day" entitygroup="SummonFriendZDay" tags="commercial,industrial" notags="downtown" />
		<spawn id="nSummonFriendZNight02" maxcount="1" respawndelay="2" time="Night" entitygroup="SummonFriendZNight" tags="commercial,industrial" notags="downtown" />
		<spawn id="dSummonFriendZDay03" maxcount="1" respawndelay="2" time="Day" entitygroup="SummonFriendZNight" tags="downtown" />
		<spawn id="nSummonFriendZNight03" maxcount="1" respawndelay="2" time="Night" entitygroup="SummonFriendZNight" tags="downtown" />
	</append>
	
	<append xpath="/spawning/biome[@name='desert']">
		<spawn id="dSummonFriendZDay01" maxcount="1" respawndelay="2" time="Day" entitygroup="SummonFriendZDay" notags="commercial,industrial,downtown" />
		<spawn id="nSummonFriendZNight01" maxcount="2" respawndelay="1.5" time="Night" entitygroup="SummonFriendZNight" notags="commercial,industrial,downtown" />
		<spawn id="dSummonFriendZDay02" maxcount="1" respawndelay="2" time="Day" entitygroup="SummonFriendZDay" tags="commercial,industrial" notags="downtown" />
		<spawn id="nSummonFriendZNight02" maxcount="1" respawndelay="2" time="Night" entitygroup="SummonFriendZNight" tags="commercial,industrial" notags="downtown" />
		<spawn id="dSummonFriendZDay03" maxcount="1" respawndelay="2" time="Day" entitygroup="SummonFriendZNight" tags="downtown" />
		<spawn id="nSummonFriendZNight03" maxcount="1" respawndelay="2" time="Night" entitygroup="SummonFriendZNight" tags="downtown" />
	</append>	
	
	<append xpath="/spawning/biome[@name='snow']">
		<spawn id="dSummonFriendZDay01" maxcount="1" respawndelay="2" time="Day" entitygroup="SummonFriendZDay" notags="commercial,industrial,downtown" />
		<spawn id="nSummonFriendZNight01" maxcount="2" respawndelay="1.5" time="Night" entitygroup="SummonFriendZNight" notags="commercial,industrial,downtown" />
		<spawn id="dSummonFriendZDay02" maxcount="1" respawndelay="2" time="Day" entitygroup="SummonFriendZDay" tags="commercial,industrial" notags="downtown" />
		<spawn id="nSummonFriendZNight02" maxcount="1" respawndelay="2" time="Night" entitygroup="SummonFriendZNight" tags="commercial,industrial" notags="downtown" />
		<spawn id="dSummonFriendZDay03" maxcount="1" respawndelay="2" time="Day" entitygroup="SummonFriendZNight" tags="downtown" />
		<spawn id="nSummonFriendZNight03" maxcount="1" respawndelay="2" time="Night" entitygroup="SummonFriendZNight" tags="downtown" />
	</append>	
	
	<append xpath="/spawning/biome[@name='wasteland']">
		<spawn id="dSummonFriendZDay01" maxcount="2" respawndelay="0.5" time="Day" entitygroup="SummonFriendZDay" notags="commercial,industrial,downtown" />
		<spawn id="nSummonFriendZNight01" maxcount="2" respawndelay="0.25" time="Night" entitygroup="SummonFriendZNight" notags="commercial,industrial,downtown" />
		<spawn id="dSummonFriendZDay02" maxcount="1" respawndelay="2" time="Day" entitygroup="SummonFriendZDay" tags="commercial,industrial" notags="downtown" />
		<spawn id="nSummonFriendZNight02" maxcount="1" respawndelay="2" time="Night" entitygroup="SummonFriendZNight" tags="commercial,industrial" notags="downtown" />
		<spawn id="dSummonFriendZDay03" maxcount="1" respawndelay="2" time="Day" entitygroup="SummonFriendZNight" tags="downtown" />
		<spawn id="nSummonFriendZNight03" maxcount="1" respawndelay="2" time="Night" entitygroup="SummonFriendZNight" tags="downtown" />
	</append>	
	
</configs>