﻿<?xml version="1.0" encoding="UTF-8"?>
<prefab>
  <property name="Zoning" value="ResidentialOld" />
  <property name="AllowedTownships" value="city,town,rural,wilderness" />
  <property name="CopyAirBlocks" value="True" />
  <property name="ExcludeDistantPOIMesh" value="False" />
  <property name="ExcludePOICulling" value="False" />
  <property name="DistantPOIYOffset" value="0" />
  <property name="AllowTopSoilDecorations" value="False" />
  <property name="DifficultyTier" value="0" />
  <property name="TraderArea" value="False" />
  <property name="RotationToFaceNorth" value="2" />
  <property name="YOffset" value="-1" />
  <property name="EditorGroups" value="house old, remnant" />
  <property name="SleeperVolumeSize" value="16, 15, 22" />
  <property name="SleeperVolumeStart" value="16, 0, 8" />
  <property name="SleeperVolumeGroupId" value="0" />
  <property name="SleeperVolumeGroup" value="SpiderPack_Mini,6,16" />
  <property name="SleeperIsLootVolume" value="False" />
  <property name="SleeperIsBossVolume" value="False" />
  <property name="SleeperVolumeFlags" value="0" />
  <property name="ShowQuestClearCount" value="1" />
  <property name="SleeperIsQuestExclude" value="False" />
  <property name="Tags" value="countryresidential, residential" />
  <property name="POIMarkerSize" value="4, 13, 1#6, 13, 5" />
  <property name="POIMarkerStart" value="6, 0, -1#5, 0, -5" />
  <property name="POIMarkerGroup" value="driveway,driveway2" />
  <property name="POIMarkerTags" value="countryresidential#residential" />
  <property name="POIMarkerType" value="PartSpawn,PartSpawn" />
  <property name="POIMarkerPartToSpawn" value="part_driveway_countryresidential_01,part_driveway_residential_01" />
  <property name="POIMarkerPartRotations" value="2,2" />
  <property name="POIMarkerPartSpawnChance" value="1,1" />
  <property name="PrefabSize" value="42, 21, 42" />
  <property name="SleeperVolumeTriggeredBy" value=" " />
  <property class="Stats">
    <property name="TotalVertices" value="198891" />
    <property name="TotalTriangles" value="134634" />
    <property class="BlockEntities">
      <property name="Vertices" value="150049" />
      <property name="Triangles" value="101107" />
    </property>
    <property class="ChunkMeshes0">
      <property name="Vertices" value="43238" />
      <property name="Triangles" value="24961" />
    </property>
    <property class="ChunkMeshes1">
      <property name="Vertices" value="0" />
      <property name="Triangles" value="0" />
    </property>
    <property class="ChunkMeshes2">
      <property name="Vertices" value="474" />
      <property name="Triangles" value="410" />
    </property>
    <property class="ChunkMeshes3">
      <property name="Vertices" value="0" />
      <property name="Triangles" value="0" />
    </property>
    <property class="ChunkMeshes4">
      <property name="Vertices" value="0" />
      <property name="Triangles" value="0" />
    </property>
    <property class="ChunkMeshes5">
      <property name="Vertices" value="5130" />
      <property name="Triangles" value="8156" />
    </property>
  </property>
  <property class="IndexedBlockOffsets">
    <property class="quest_wood_trees">
      <property name="0" value="39, 1, 39" />
    </property>
    <property class="challenge_polymers">
      <property name="0" value="4, 2, 39" />
    </property>
    <property class="challenge_gore">
      <property name="0" value="27, 6, 9" />
      <property name="1" value="34, 1, 15" />
    </property>
    <property class="challenge_steel">
      <property name="0" value="27, 8, 9" />
    </property>
    <property class="challenge_mech_parts">
      <property name="0" value="27, 3, 10" />
    </property>
    <property class="TraderOnOff">
      <property name="0" value="24, 3, 27" />
    </property>
    <property class="challenge_sinks">
      <property name="0" value="24, 3, 21" />
    </property>
    <property class="POILight">
      <property name="0" value="30, 3, 28" />
    </property>
  </property>
</prefab>