<configs>
	
	<append xpath="/buffs">
		
<!-- Wendigo Radiation buff courtesy of Bdubyah from The Wasteland Overhaul -->	
	
		<buff name="zombieOakRadNurseRadiatedShowerAOE" hidden="true">
			<damage_type value="radiation"/>
			<stack_type value="replace"/>
			<duration value="0"/>
			<update_rate value="1"/>
			<effect_group>
				<triggered_effect trigger="onSelfBuffUpdate" action="AddBuff" target="selfAOE" range="4" buff="zombieOakRadNurseRadiatedShowerAOEEffect">
					<requirement name="!EntityTagCompare" target="other" tags="vehicle,zombie,turret,drone"/>
				</triggered_effect>
			</effect_group>
		</buff>
		<buff name="zombieOakRadNurseRadiatedShowerAOEEffect" icon="ui_game_symbol_radiation" icon_color="255,0,0" icon_blink="true">
			<damage_type value="radiation"/>
			<stack_type value="replace"/>
			<duration value="4"/>
			<update_rate value="1"/>
			<effect_group>
				<triggered_effect trigger="onSelfBuffUpdate" action="ModifyStats" stat="Health" operation="subtract" value=".5"/>
				<triggered_effect trigger="onSelfBuffUpdate" action="ModifyCVar" cvar="RadiationSignal" operation="add" value="1"/>
				<triggered_effect trigger="onSelfBuffUpdate" action="ModifyCVar" cvar="RadiationSignal" operation="set" value="0">
					<requirement name="CVarCompare" cvar="RadiationSignal" operation="Equals" value="2"/>
				</triggered_effect>
				<triggered_effect trigger="onSelfBuffUpdate" action="ModifyCVar" cvar="RadiationSignal" operation="set" value="0"/>
				<triggered_effect trigger="onSelfBuffUpdate" action="ModifyScreenEffect" intensity=".15" fade=".5" effect_name="Hot">
					<requirement name="CVarCompare" cvar="RadiationSignal" operation="Equals" value="1"/>
				</triggered_effect>
				<triggered_effect trigger="onSelfBuffUpdate" action="ModifyScreenEffect" intensity="0" fade=".5" effect_name="Hot">
					<requirement name="CVarCompare" cvar="RadiationSignal" operation="Equals" value="0"/>
				</triggered_effect>
				<triggered_effect trigger="onSelfBuffRemove" action="ModifyScreenEffect" intensity="0" fade="1" effect_name="Hot"/>
				<triggered_effect trigger="onSelfBuffStart" action="ModifyScreenEffect" effect_name="Radiation" intensity=".3" fade="2"/>
				<triggered_effect trigger="onSelfDied" action="ModifyScreenEffect" effect_name="Radiation" intensity="0" fade="0"/>
				<triggered_effect trigger="onSelfBuffRemove" action="ModifyScreenEffect" effect_name="Radiation" intensity="0" fade="2"/>
			</effect_group>
		</buff>

	</append>
	
</configs>